{"cmat": [[2357, 390], [461, 3150]], "f1": 0.8809956649419661, "mcc": 0.7282974740217646, "accuracy": 0.8661528782636049}